{
  "name": {
    "object1": "B3_S4.ply",
    "object2": "B3_S5.ply",
    "B3_S2": "B3_S2.ply"
  },
  "bounding_box": {
    "object1": {
      "x": 7.5802,
      "y": 5.931,
      "z": 2.6642
    },
    "object2": {
      "x": 49.3317,
      "y": 16.6656,
      "z": 2.7261
    },
    "B3_S2": {
      "x": 6.737218499183655,
      "y": 6.576385974884033,
      "z": 0.14528119564056396
    }
  },
  "labels": {
    "B3_S4.ply": [
      "chair",
      "seat"
    ],
    "B3_S5.ply": [
      "table"
    ],
    "B3_S2.ply": [
      "B3_S2"
    ]
  }
}