{
  "name": {
    "B3_S2": "B3_S2.ply",
    "B3_S4": "B3_S4.ply",
    "B3_S5": "B3_S5.ply"
  },
  "bounding_box": {
    "B3_S2": {
      "x": 6.802064450762284e+38,
      "y": 6.8055822318839415e+38,
      "z": 6.8052321574941825e+38
    },
    "B3_S4": {
      "x": 6.801856556063847e+38,
      "y": 6.804738686468526e+38,
      "z": 6.800379793820605e+38
    },
    "B3_S5": {
      "x": 6.8049989097837405e+38,
      "y": 6.8049155490802695e+38,
      "z": 6.8049656466319905e+38
    }
  },
  "labels": {
    "B3_S2.ply": [
      "B3_S2",
      "b3",
      "s2"
    ],
    "B3_S4.ply": [
      "B3_S4",
      "b3",
      "s4"
    ],
    "B3_S5.ply": [
      "B3_S5",
      "b3",
      "s5"
    ]
  }
}